{"alpha": 0.1, "corrections": {"near_exact": 160.04108428955035, "fallback": 109.3500914342195, "retrieval": 102.78359985351564}, "n_samples": {"near_exact": 28, "fallback": 206, "retrieval": 33}}